{
  "name": "cciconnections",
  "version": "1.0.0",
  "private": true,
  "scripts": {
    "start": "node server",
    "dev": "nodemon server"
  },
  "dependencies": {
    "cookie-parser": "~1.4.4",
    "debug": "~2.6.9",
    "ejs": "~2.6.1",
    "express": "~4.16.1",
    "express-session": "^1.17.0",
    "http-errors": "^1.6.3",
    "morgan": "~1.9.1"
  },
  "devDependencies": {
    "nodemon": "^1.19.2"
  },
  "description": "1. Install dependencies using the command - **npm install**",
  "main": "app.js",
  "keywords": [
    "meetups"
  ],
  "author": "Nadia Najjar",
  "license": "ISC"
}
